<application>
  <component name="com.intellij.ide.ui.customization.CustomActionsSchema">
    <group value="VcsGroups" is_group="true" action_type="-1" position="9">
      <path value="root" />
      <path value="Main Menu" />
      <option name="myInitialPosition" value="-1" />
    </group>
    <group value="MainToolBarSettings" is_group="true" action_type="-1" position="9">
      <path value="root" />
      <path value="Main Toolbar" />
      <option name="myInitialPosition" value="-1" />
    </group>
    <group value="RunMenu" is_group="true" action_type="-1" position="7">
      <path value="root" />
      <path value="Main Menu" />
      <option name="myInitialPosition" value="-1" />
    </group>
    <group value="SearchEverywhere" is_action="true" action_type="-1" position="7">
      <path value="root" />
      <path value="Navigation Bar Toolbar" />
      <option name="myInitialPosition" value="-1" />
    </group>
    <group value="RefactoringMenu" is_group="true" action_type="-1" position="5">
      <path value="root" />
      <path value="Main Menu" />
      <option name="myInitialPosition" value="-1" />
    </group>
    <group value="CodeMenu" is_group="true" action_type="-1" position="4">
      <path value="root" />
      <path value="Main Menu" />
      <option name="myInitialPosition" value="-1" />
    </group>
    <group value="GoToMenu" is_group="true" action_type="-1" position="3">
      <path value="root" />
      <path value="Main Menu" />
      <option name="myInitialPosition" value="-1" />
    </group>
    <group value="NavBarVcsGroup" is_group="true" action_type="-1" position="2">
      <path value="root" />
      <path value="Navigation Bar Toolbar" />
      <option name="myInitialPosition" value="-1" />
    </group>
  </component>
</application>